index,date,Open,High,Low,Close,Volume
0,2019-04-05,48.0,48.2,45.75,46.15,14321500.0
1,2019-04-08,45.74,46.0,43.85,45.09,1364000.0
2,2019-04-09,45.21,46.2,44.0,45.24,674500.0
3,2019-04-10,45.35,45.67,42.98,43.11,252500.0
4,2019-04-11,41.75,45.23,41.75,44.78,460000.0
5,2019-04-12,44.99,46.3,44.64,46.06,1000000.0
6,2019-04-15,45.21,46.48,45.01,45.6,347000.0
7,2019-04-16,46.21,46.21,44.51,45.01,238000.0
8,2019-04-17,45.0,45.1,43.06,43.79,143500.0
9,2019-04-18,43.8,45.7,43.8,45.19,166500.0
10,2019-04-19,45.29,46.99,45.21,46.47,579000.0
11,2019-04-22,46.4,46.4,45.4,45.58,322500.0
12,2019-04-23,45.6,46.49,43.31,44.32,983500.0
13,2019-04-24,44.25,46.0,44.01,45.67,282000.0
14,2019-04-25,45.11,46.1,45.11,45.95,83500.0
15,2019-04-26,45.5,46.0,45.0,45.68,193500.0
16,2019-04-29,45.36,45.63,44.5,44.58,181000.0
17,2019-04-30,44.0,44.34,43.65,44.04,78500.0
18,2019-05-02,44.0,44.08,43.21,43.86,40500.0
19,2019-05-03,43.41,43.6,42.86,42.96,32500.0
20,2019-05-06,43.07,43.91,41.0,41.25,266500.0
21,2019-05-07,40.0,42.95,40.0,42.83,241000.0
22,2019-05-08,41.75,42.78,41.55,42.06,122500.0
23,2019-05-09,42.01,42.45,41.11,42.2,224500.0
24,2019-05-10,42.45,42.5,41.3,41.86,71500.0
25,2019-05-13,42.31,42.89,39.77,39.84,1315000.0
26,2019-05-14,39.6,41.83,39.6,40.95,586000.0
27,2019-05-15,41.05,42.99,41.0,42.66,155000.0
28,2019-05-16,42.35,42.4,40.53,41.3,306500.0
29,2019-05-17,41.3,41.3,39.3,40.04,241000.0
30,2019-05-20,39.0,42.0,38.06,41.11,1105500.0
31,2019-05-21,40.5,41.94,40.0,41.0,205500.0
32,2019-05-22,41.25,43.05,41.01,43.03,423500.0
33,2019-05-23,43.4,44.5,43.1,43.5,253500.0
34,2019-05-24,43.0,44.0,42.01,43.66,122000.0
35,2019-05-27,43.99,43.99,42.51,43.33,111500.0
36,2019-05-28,42.5,42.5,41.17,41.19,207500.0
37,2019-05-29,41.82,42.99,41.2,42.27,487000.0
38,2019-05-30,42.5,44.0,41.24,42.76,233500.0
39,2019-06-03,42.25,42.25,41.67,41.85,44000.0
40,2019-06-10,40.45,41.65,40.0,41.52,115500.0
41,2019-06-11,40.01,42.5,40.0,41.82,78000.0
42,2019-06-12,41.99,43.4,41.0,42.61,121500.0
43,2019-06-13,43.35,44.0,42.65,43.61,1787000.0
44,2019-06-14,44.0,45.79,42.4,44.91,550000.0
45,2019-06-17,45.0,45.0,43.51,44.2,88000.0
46,2019-06-18,43.21,44.99,41.99,43.24,436500.0
47,2019-06-19,43.15,43.65,43.0,43.4,87500.0
48,2019-06-20,43.99,43.99,43.2,43.47,200000.0
49,2019-06-21,43.49,43.75,43.0,43.36,79000.0
50,2019-06-24,43.25,43.25,41.4,41.85,29500.0
51,2019-06-25,41.02,42.8,41.0,42.07,41500.0
52,2019-06-26,41.55,42.8,40.52,42.5,128000.0
53,2019-06-27,42.7,43.0,41.0,42.48,251500.0
54,2019-06-28,41.75,44.6,41.45,44.27,587500.0
55,2019-07-01,43.76,44.0,43.7,43.73,29500.0
56,2019-07-02,43.31,43.9,43.3,43.67,62500.0
57,2019-07-03,43.02,44.0,43.0,43.91,96000.0
58,2019-07-04,44.4,44.48,43.35,43.76,56000.0
59,2019-07-05,43.27,45.49,42.85,44.34,62500.0
60,2019-07-08,44.8,44.8,42.73,42.94,480000.0
61,2019-07-09,43.05,43.8,43.05,43.13,119000.0
62,2019-07-10,43.3,43.5,43.0,43.1,207000.0
63,2019-07-11,43.8,43.8,42.55,43.29,30500.0
64,2019-07-12,42.7,43.47,42.4,42.87,66500.0
65,2019-07-15,42.4,42.49,41.84,42.29,26500.0
66,2019-07-16,41.95,42.5,41.22,42.45,37500.0
67,2019-07-17,42.25,42.95,42.0,42.54,92000.0
68,2019-07-18,42.0,42.0,41.0,41.28,15500.0
69,2019-07-19,41.1,41.5,39.75,41.05,535500.0
70,2019-07-22,40.55,41.95,40.35,41.62,55500.0
71,2019-07-23,41.5,41.89,41.0,41.32,20000.0
72,2019-07-24,40.56,40.9,39.26,39.87,157000.0
73,2019-07-25,39.17,40.39,39.17,39.85,35000.0
74,2019-07-26,39.27,40.95,39.1,40.74,62500.0
75,2019-07-29,41.01,41.01,39.86,40.43,17000.0
76,2019-07-30,39.51,40.99,39.4,40.53,85500.0
77,2019-07-31,39.31,40.45,39.31,40.0,547500.0
78,2019-08-01,39.97,40.0,39.97,39.99,23000.0
79,2019-08-02,39.94,40.0,39.5,39.89,9000.0
80,2019-08-05,38.67,39.0,38.6,38.73,37500.0
81,2019-08-06,38.9,39.0,38.05,38.52,27500.0
82,2019-08-07,38.3,40.44,36.77,38.88,391000.0
83,2019-08-08,37.81,39.0,37.75,38.94,48500.0
84,2019-08-09,38.99,39.99,38.4,39.46,79500.0
85,2019-08-16,38.85,39.0,38.3,38.59,21000.0
86,2019-08-19,38.67,39.5,38.63,39.0,66500.0
87,2019-08-20,39.0,40.15,39.0,39.98,160000.0
88,2019-08-21,39.98,40.4,39.5,40.2,50500.0
89,2019-08-22,40.24,41.8,40.15,41.73,97000.0
90,2019-08-23,41.9,42.3,40.1,40.88,78000.0
91,2019-08-26,40.01,40.88,39.5,40.55,38500.0
92,2019-08-27,39.9,40.75,39.9,40.05,264000.0
93,2019-08-28,40.0,40.06,38.75,39.04,307500.0
94,2019-08-29,38.53,39.02,38.52,38.65,7500.0
95,2019-08-30,38.64,40.58,37.6,39.92,486500.0
96,2019-09-02,39.53,40.49,38.67,39.95,1003500.0
97,2019-09-03,39.52,40.0,39.5,39.66,289500.0
98,2019-09-04,39.1,40.0,39.0,39.89,49500.0
99,2019-09-05,39.35,40.45,39.35,39.73,35000.0
100,2019-09-06,39.0,40.0,38.5,39.7,40500.0
101,2019-09-11,39.5,40.5,39.31,40.01,255500.0
102,2019-09-12,39.71,40.5,39.71,39.95,391500.0
103,2019-09-13,39.99,40.3,39.8,40.11,18000.0
104,2019-09-16,39.25,40.0,39.25,39.93,29500.0
105,2019-09-17,40.0,40.75,39.9,40.25,147500.0
106,2019-09-18,40.0,40.35,39.63,39.73,86500.0
107,2019-09-19,39.25,40.25,39.25,39.99,315500.0
108,2019-09-20,40.4,40.4,39.61,40.0,121500.0
109,2019-09-23,40.0,40.69,39.5,39.93,67500.0
110,2019-09-24,41.61,41.92,41.2,41.92,1090000.0
111,2019-09-25,44.01,44.01,44.01,44.01,54000.0
112,2019-09-26,44.5,45.5,43.0,44.21,386000.0
113,2019-09-27,43.52,45.0,43.0,44.13,479500.0
114,2019-09-30,44.13,44.5,43.65,43.93,86000.0
115,2019-10-01,44.0,44.75,43.4,44.22,213000.0
116,2019-10-02,44.43,44.53,43.9,44.39,253500.0
117,2019-10-03,43.88,44.77,43.21,44.15,1850000.0
118,2019-10-04,44.15,45.3,43.8,44.58,271000.0
119,2019-10-07,44.49,46.0,43.51,45.33,202000.0
120,2019-10-08,45.2,46.01,44.9,45.3,318500.0
121,2019-10-09,45.1,46.39,45.06,46.1,522500.0
122,2019-10-10,46.25,46.5,45.8,46.12,666000.0
123,2019-10-11,46.39,46.5,45.5,45.75,242500.0
124,2019-10-14,45.5,46.3,45.5,45.75,327000.0
125,2019-10-15,45.9,46.0,45.49,45.59,385000.0
126,2019-10-16,45.99,47.86,45.7,47.06,742500.0
127,2019-10-17,47.12,47.35,46.31,46.79,476000.0
128,2019-10-18,47.24,47.0,46.21,46.29,261500.0
129,2019-10-21,46.0,46.0,44.75,45.2,319000.0
130,2019-10-22,45.0,45.5,45.0,45.0,286500.0
131,2019-10-23,45.3,45.55,45.01,45.3,204000.0
132,2019-10-24,45.49,46.75,45.3,46.42,660000.0
133,2019-10-25,46.4,46.75,45.8,46.21,196500.0
134,2019-10-28,44.5,45.5,44.5,44.65,368000.0
135,2019-10-29,44.75,45.0,44.2,44.66,130000.0
136,2019-10-30,44.51,45.25,44.0,44.83,244000.0
137,2019-10-31,44.9,45.4,44.15,44.94,739000.0
138,2019-11-01,44.52,45.85,44.5,45.48,240000.0
139,2019-11-04,45.16,46.7,45.01,45.97,295500.0
140,2019-11-05,46.0,46.0,45.4,45.84,142000.0
141,2019-11-06,45.2,46.0,44.55,44.76,303500.0
142,2019-11-07,44.99,46.5,44.0,45.41,956000.0
143,2019-11-08,45.7,45.7,44.95,45.16,228500.0
144,2019-11-11,45.5,46.99,45.4,46.38,530500.0
145,2019-11-12,46.0,46.9,45.31,46.56,749000.0
146,2019-11-13,46.0,46.9,45.9,46.3,1185000.0
147,2019-11-14,46.6,46.8,46.2,46.46,914500.0
148,2019-11-15,46.8,48.25,46.8,47.4,1963000.0
149,2019-11-18,47.4,47.99,47.16,47.45,903000.0
150,2019-11-19,47.65,49.25,47.0,48.51,3302000.0
151,2019-11-20,48.9,50.93,48.8,50.36,4160000.0
152,2019-11-21,50.74,52.4,49.25,49.77,2161500.0
153,2019-11-22,49.7,51.19,49.6,50.97,1021000.0
154,2019-11-25,51.0,51.26,50.0,50.43,907000.0
155,2019-11-26,50.5,51.0,48.15,50.01,1430000.0
156,2019-11-27,50.02,50.7,49.55,50.48,684500.0
157,2019-11-28,50.43,53.0,50.43,53.0,1301000.0
158,2019-11-29,55.39,55.65,54.05,55.17,1512000.0
159,2019-12-02,55.0,55.88,53.6,55.13,1045000.0
160,2019-12-03,55.45,55.48,53.98,54.41,499000.0
161,2019-12-04,54.01,56.89,54.0,56.2,1672500.0
162,2019-12-05,56.95,58.0,56.95,57.18,940500.0
163,2019-12-06,57.29,58.0,56.5,56.85,636000.0
164,2019-12-09,57.44,58.0,56.1,57.35,653500.0
165,2019-12-10,57.8,60.2,57.5,60.04,1067500.0
166,2019-12-11,60.99,61.4,58.5,59.17,934000.0
167,2019-12-12,59.3,59.5,57.55,58.98,403500.0
168,2019-12-13,59.94,59.94,57.9,58.08,537500.0
169,2019-12-16,58.45,60.98,57.2,60.88,2543500.0
170,2019-12-17,60.8,60.89,58.7,60.32,583500.0
171,2019-12-18,59.15,60.4,58.5,58.55,455500.0
172,2019-12-19,58.41,58.41,55.63,56.6,443000.0
173,2019-12-20,56.99,57.9,56.9,57.31,1280000.0
174,2019-12-23,57.39,58.4,55.0,56.56,418500.0
175,2019-12-24,56.65,57.35,55.5,57.3,290500.0
176,2019-12-26,57.26,58.7,57.26,58.47,135000.0
177,2019-12-27,58.1,59.49,57.61,58.94,245500.0
178,2019-12-30,59.54,59.75,57.8,58.5,565000.0
179,2019-12-31,56.6,58.73,56.6,58.05,1715500.0
180,2020-01-01,57.95,59.0,57.7,58.85,560000.0
181,2020-01-02,59.48,59.9,58.55,59.31,912000.0
182,2020-01-03,58.84,59.44,58.12,58.97,399500.0
183,2020-01-06,57.0,57.99,56.95,57.69,196000.0
184,2020-01-07,58.3,58.4,56.54,56.82,321500.0
185,2020-01-08,54.12,56.8,54.12,56.22,1804000.0
186,2020-01-09,57.48,59.03,56.25,57.89,1108000.0
187,2020-01-10,57.87,59.38,57.6,58.9,1613000.0
188,2020-01-13,58.25,58.65,58.0,58.31,122500.0
189,2020-01-14,58.43,58.43,57.56,58.0,501000.0
190,2020-01-15,57.49,58.35,56.9,57.97,465500.0
191,2020-01-16,57.46,58.35,57.46,58.03,285000.0
192,2020-01-17,57.55,58.3,57.51,57.75,77500.0
193,2020-01-20,57.5,57.6,57.05,57.3,57500.0
194,2020-01-21,57.3,58.2,56.35,57.91,281000.0
195,2020-01-22,57.16,58.0,56.73,57.8,294000.0
196,2020-01-23,57.99,58.9,57.55,58.42,163500.0
197,2020-01-24,57.26,59.98,57.26,59.52,598000.0
198,2020-01-27,59.5,59.89,58.99,59.35,204500.0
199,2020-01-28,59.35,59.35,58.55,58.96,85000.0
200,2020-01-29,58.98,59.4,58.3,58.67,264000.0
201,2020-01-30,58.15,58.9,58.15,58.71,52000.0
202,2020-01-31,58.69,59.0,57.51,57.97,528500.0
203,2020-02-03,57.0,57.25,56.49,56.96,263000.0
204,2020-02-04,57.49,58.5,56.01,58.03,208000.0
205,2020-02-06,57.99,58.01,57.5,57.79,115000.0
206,2020-02-07,58.19,58.19,56.4,56.72,368500.0
207,2020-02-10,56.5,56.89,55.65,56.35,89500.0
208,2020-02-11,56.89,56.99,54.61,56.57,171500.0
209,2020-02-12,57.0,57.2,56.55,57.14,437500.0
210,2020-02-13,56.99,57.35,56.99,57.08,66000.0
211,2020-02-14,56.9,57.87,56.02,57.07,781000.0
212,2020-02-17,56.95,57.38,56.2,56.81,247000.0
213,2020-02-18,56.81,56.81,55.75,56.0,155500.0
214,2020-02-19,55.75,57.18,55.75,57.05,119000.0
215,2020-02-20,56.9,57.5,56.9,57.14,89000.0
216,2020-02-21,57.0,57.0,56.48,56.57,167000.0
217,2020-02-24,56.1,56.5,55.01,56.09,115000.0
218,2020-02-25,56.05,57.9,54.82,56.67,420000.0
219,2020-02-26,56.67,56.68,55.5,55.64,163500.0
220,2020-02-27,55.01,55.01,53.4,54.6,791000.0
221,2020-02-28,52.0,54.85,52.0,53.14,339000.0
222,2020-03-02,53.14,56.75,52.9,55.96,612000.0
223,2020-03-03,56.0,57.84,55.0,56.52,323500.0
224,2020-03-04,56.45,57.5,55.7,56.84,169500.0
225,2020-03-05,56.98,57.88,56.32,57.54,218000.0
226,2020-03-06,57.0,57.05,56.0,56.43,56500.0
227,2020-03-09,55.0,55.6,53.06,54.94,198000.0
228,2020-03-10,54.99,55.01,54.1,54.84,82000.0
229,2020-03-11,55.0,56.0,54.0,55.2,189000.0
230,2020-03-12,54.03,54.15,52.0,52.13,105000.0
231,2020-03-13,51.7,51.99,48.5,51.51,208000.0
232,2020-03-16,50.03,50.45,47.65,47.65,329000.0
233,2020-03-17,45.15,46.0,44.08,44.11,218500.0
234,2020-03-18,42.0,42.0,40.81,40.81,187500.0
235,2020-03-19,37.75,40.0,37.75,39.77,459500.0
236,2020-03-20,41.29,41.29,37.8,39.42,391500.0
237,2020-03-24,36.47,36.47,36.47,36.47,32000.0
238,2020-03-25,34.99,34.99,33.74,33.74,86500.0
239,2020-03-26,34.55,34.85,32.0,32.03,133500.0
240,2020-03-27,32.6,34.43,32.5,34.43,57500.0
241,2020-03-30,34.99,35.85,32.9,33.36,172500.0
242,2020-03-31,33.99,35.86,33.5,35.86,149000.0
243,2020-04-01,35.27,38.54,35.27,38.52,137000.0
244,2020-04-02,38.95,41.4,38.95,41.4,145000.0
245,2020-04-03,43.0,44.43,41.4,42.8,246500.0
246,2020-04-06,43.0,43.49,39.59,39.59,332000.0
247,2020-04-07,39.95,41.0,38.8,40.95,74000.0
248,2020-04-08,40.01,41.97,39.8,39.92,52500.0
249,2020-04-09,40.5,41.55,40.05,40.68,228500.0
250,2020-04-10,40.1,40.5,39.91,40.08,53500.0
251,2020-04-13,38.08,39.0,38.0,38.67,64500.0
252,2020-04-14,39.24,40.5,38.0,39.85,59000.0
253,2020-04-15,39.91,41.7,39.75,39.94,100000.0
254,2020-04-16,39.16,39.2,38.65,39.09,50500.0
255,2020-04-17,41.0,42.02,40.51,42.02,905500.0
256,2020-04-20,42.6,43.25,40.7,41.22,165500.0
257,2020-04-21,40.9,40.9,38.56,39.58,120000.0
258,2020-04-22,38.7,40.35,38.4,40.0,53500.0
259,2020-04-23,40.01,40.01,39.2,39.24,7500.0
260,2020-04-24,38.81,39.75,38.75,39.23,20500.0
261,2020-04-27,39.1,39.1,37.92,38.01,113500.0
262,2020-04-28,38.4,39.46,38.0,39.15,21500.0
263,2020-04-29,39.5,40.0,39.5,39.6,44500.0
264,2020-04-30,40.0,40.5,39.22,39.83,75000.0
265,2020-05-04,39.61,42.2,39.61,41.99,1092500.0
266,2020-05-05,42.8,42.8,41.6,41.68,211000.0
267,2020-05-06,41.5,41.81,40.5,40.62,71500.0
268,2020-05-07,39.92,40.34,39.7,39.88,51000.0
269,2020-05-08,41.29,41.29,39.49,39.93,55500.0
270,2020-05-11,40.0,40.2,40.0,40.05,11000.0
271,2020-05-12,40.05,40.5,39.9,40.32,16500.0
272,2020-05-13,40.1,40.5,39.95,40.32,42000.0
273,2020-05-14,40.32,40.32,39.8,39.8,46000.0
274,2020-05-15,39.85,40.4,39.75,39.93,39500.0
275,2020-05-18,40.0,40.5,39.51,40.3,43000.0
276,2020-05-19,40.3,41.61,39.7,41.37,666000.0
277,2020-05-20,41.5,44.47,41.5,42.38,1137500.0
278,2020-05-21,42.75,42.89,41.8,42.28,330000.0
279,2020-05-28,42.28,42.7,40.75,41.08,773500.0
280,2020-05-29,41.49,43.35,40.01,42.65,391000.0
281,2020-06-01,42.0,45.3,41.99,44.49,1434000.0
282,2020-06-02,45.49,47.5,45.0,45.4,1987000.0
283,2020-06-03,45.25,45.25,44.0,44.26,122500.0
284,2020-06-04,43.75,43.9,43.5,43.66,116500.0
285,2020-06-05,43.5,44.0,43.26,43.5,114500.0
286,2020-06-08,43.9,44.0,43.5,43.62,291000.0
287,2020-06-09,43.99,44.55,43.66,44.19,228000.0
288,2020-06-10,44.5,46.0,44.01,45.86,485000.0
289,2020-06-11,46.15,46.75,45.95,46.04,1400500.0
290,2020-06-12,45.8,45.99,44.5,45.53,404000.0
291,2020-06-15,44.5,45.7,43.0,43.41,103500.0
292,2020-06-16,44.4,44.45,43.5,43.82,70000.0
293,2020-06-17,43.5,44.15,43.5,43.75,71500.0
294,2020-06-18,43.85,43.9,43.0,43.65,133000.0
295,2020-06-19,43.6,43.89,43.04,43.14,12000.0
296,2020-06-22,42.99,43.01,42.5,42.8,44000.0
297,2020-06-23,43.0,44.7,42.85,44.11,171000.0
298,2020-06-24,44.11,44.5,43.36,43.4,54500.0
299,2020-06-25,42.65,43.55,42.65,42.97,79500.0
300,2020-06-26,43.7,43.7,42.55,42.9,51500.0
301,2020-06-29,42.5,44.97,42.5,44.63,214000.0
302,2020-06-30,44.89,45.09,43.6,43.92,141500.0
303,2020-07-01,44.0,44.4,43.75,43.99,97000.0
304,2020-07-02,43.99,45.2,43.61,44.8,170500.0
305,2020-07-03,44.55,44.9,44.5,44.76,23000.0
306,2020-07-06,45.4,45.5,44.5,44.88,132000.0
307,2020-07-07,45.0,45.3,44.2,44.35,146000.0
308,2020-07-08,44.74,47.6,44.74,47.5,1727500.0
309,2020-07-09,48.25,49.1,48.25,48.63,725000.0
310,2020-07-10,48.0,48.19,47.21,47.93,163500.0
311,2020-07-13,47.9,50.5,47.3,49.96,1464000.0
312,2020-07-14,49.94,49.94,48.5,48.59,610000.0
313,2020-07-15,48.55,49.05,48.0,48.5,165500.0
314,2020-07-16,46.51,49.1,46.51,48.63,173500.0
315,2020-07-17,49.0,49.6,48.75,49.48,324000.0
316,2020-07-20,49.5,50.3,49.5,50.1,496000.0
317,2020-07-21,50.0,50.3,49.3,49.49,192000.0
318,2020-07-22,48.5,49.5,47.95,48.1,202500.0
319,2020-07-23,48.5,49.5,47.95,48.07,191500.0
320,2020-07-24,48.0,48.27,47.51,47.98,75500.0
321,2020-07-27,48.01,48.45,47.95,48.21,76500.0
322,2020-07-28,48.4,51.0,48.25,50.27,1326000.0
323,2020-07-29,50.64,51.8,50.0,50.23,1058000.0
324,2020-07-30,50.23,50.4,49.44,49.61,194000.0
325,2020-08-03,49.95,51.0,49.94,50.48,391000.0
326,2020-08-04,50.7,51.75,50.35,50.82,530000.0
327,2020-08-05,50.85,51.0,50.35,50.85,226500.0
328,2020-08-06,50.94,51.4,50.75,50.97,171500.0
329,2020-08-07,51.6,54.0,51.11,53.07,1607500.0
330,2020-08-10,53.65,54.95,53.5,53.7,845000.0
331,2020-08-11,54.39,54.6,53.91,53.98,338500.0
332,2020-08-12,54.0,54.3,53.03,53.11,188000.0
333,2020-08-13,53.12,53.12,51.8,51.95,338500.0
334,2020-08-17,51.99,52.9,51.5,51.65,170500.0
335,2020-08-18,52.23,52.52,52.0,52.06,107000.0
336,2020-08-19,52.01,52.6,52.0,52.23,199000.0
337,2020-08-20,52.2,52.2,51.35,51.5,53000.0
338,2020-08-21,50.32,51.74,50.02,50.47,94000.0
339,2020-08-24,51.0,51.9,50.5,51.64,47500.0
340,2020-08-25,51.64,53.75,51.64,53.33,770000.0
341,2020-08-26,53.74,57.32,53.74,57.24,2939500.0
342,2020-08-27,58.35,61.53,57.61,60.47,2644500.0
343,2020-08-28,60.25,60.25,57.0,57.87,265000.0
344,2020-08-31,57.9,59.54,57.66,59.07,350500.0
345,2020-09-01,59.25,60.9,59.25,60.54,832000.0
346,2020-09-02,61.75,64.5,60.9,64.28,2831500.0
347,2020-09-03,64.89,68.99,64.85,68.14,3845500.0
348,2020-09-04,67.0,68.4,66.5,66.95,1129000.0
349,2020-09-07,67.98,68.06,65.57,66.92,1297500.0
350,2020-09-08,66.2,66.99,64.0,64.19,422500.0
351,2020-09-09,62.95,66.03,62.9,65.74,1264000.0
352,2020-09-10,66.25,67.0,64.5,64.61,1382500.0
353,2020-09-11,64.15,66.0,64.0,64.27,860500.0
354,2020-09-14,65.7,65.7,64.16,64.2,129000.0
355,2020-09-15,63.67,65.4,63.65,64.52,333500.0
356,2020-09-16,63.54,64.6,63.0,63.82,103000.0
357,2020-09-17,63.33,63.33,61.1,62.02,1925500.0
358,2020-09-18,61.51,63.25,61.25,62.05,330500.0
359,2020-09-21,62.0,63.0,61.55,62.03,198000.0
360,2020-09-22,61.5,61.6,59.5,59.63,582500.0
361,2020-09-23,59.65,64.1,58.99,64.1,4001000.0
362,2020-09-24,65.9,68.9,65.25,68.9,4598000.0
363,2020-09-25,69.9,70.74,67.5,69.79,1332500.0
364,2020-09-28,68.01,69.99,64.75,65.89,987000.0
365,2020-09-29,66.0,70.0,65.0,69.21,520000.0
366,2020-09-30,70.0,70.0,66.25,67.05,235000.0
367,2020-10-01,66.5,66.5,64.0,64.6,254500.0
368,2020-10-02,65.0,69.44,64.5,66.03,1222000.0
369,2020-10-05,65.01,65.34,62.9,63.43,992500.0
370,2020-10-06,63.5,65.5,62.5,64.23,1562500.0
371,2020-10-07,64.9,69.04,64.9,68.69,1152500.0
372,2020-10-08,70.0,71.0,69.0,69.25,767500.0
373,2020-10-09,69.0,73.7,69.0,72.11,2484000.0
374,2020-10-12,72.25,72.25,67.0,67.31,785000.0
375,2020-10-13,66.5,67.7,65.5,66.43,355000.0
376,2020-10-14,66.49,67.0,65.5,65.9,654500.0
377,2020-10-15,65.52,67.0,61.11,62.44,11854500.0
378,2020-10-16,63.0,63.25,60.7,62.81,1208000.0
379,2020-10-19,62.81,64.75,62.8,63.9,623000.0
380,2020-10-20,64.0,64.7,63.55,64.48,499500.0
381,2020-10-21,64.9,65.25,64.0,64.88,898500.0
382,2020-10-22,64.01,65.3,63.8,63.99,814000.0
383,2020-10-23,64.5,64.5,63.2,63.93,438500.0
384,2020-10-26,64.0,64.0,62.91,63.06,889000.0
385,2020-10-27,63.06,63.1,61.8,61.98,515000.0
386,2020-10-28,62.0,62.4,57.34,59.06,2638000.0
387,2020-10-29,59.5,60.25,54.64,55.15,3448500.0
388,2020-11-02,55.1,55.1,51.9,53.7,1006000.0
389,2020-11-03,55.48,57.72,55.1,57.35,1025000.0
390,2020-11-04,58.62,59.3,56.02,56.97,610500.0
391,2020-11-05,56.97,58.19,56.97,57.94,192500.0
392,2020-11-06,58.0,58.99,56.79,57.29,356500.0
393,2020-11-09,57.4,57.99,55.85,56.99,585000.0
394,2020-11-10,60.0,61.26,59.5,60.66,3234500.0
395,2020-11-11,60.89,60.89,58.75,59.42,164000.0
396,2020-11-12,59.48,59.48,56.51,57.39,291500.0
397,2020-11-13,57.3,57.97,56.16,56.94,272500.0
398,2020-11-16,57.0,57.1,56.15,56.18,116000.0
399,2020-11-17,56.95,57.0,55.6,56.02,221500.0
400,2020-11-18,55.85,57.4,55.2,56.61,338000.0
401,2020-11-19,57.2,59.8,56.25,59.22,853000.0
402,2020-11-20,59.0,63.45,59.0,61.6,2577500.0
403,2020-11-23,61.65,61.65,57.75,58.73,1146000.0
404,2020-11-24,59.0,59.89,58.0,59.5,632500.0
405,2020-11-25,60.5,62.3,59.75,61.63,719500.0
406,2020-11-26,62.35,63.4,62.11,63.02,549500.0
407,2020-11-27,62.75,62.75,61.0,61.25,249500.0
408,2020-11-30,61.31,63.94,61.0,61.91,1436500.0
409,2020-12-01,62.5,63.3,61.93,62.37,436500.0
410,2020-12-02,63.0,63.0,60.0,61.53,1285500.0
411,2020-12-03,62.1,63.5,61.8,62.47,1516000.0
412,2020-12-04,62.1,63.25,62.05,62.96,512000.0
413,2020-12-07,62.94,63.31,62.0,62.27,382000.0
414,2020-12-08,62.3,62.75,61.55,61.92,539500.0
415,2020-12-09,61.81,62.6,61.25,61.65,1300500.0
416,2020-12-10,61.89,63.01,61.5,62.0,957500.0
417,2020-12-11,62.07,62.9,61.52,61.9,784000.0
418,2020-12-14,62.0,63.3,62.0,63.13,804500.0
419,2020-12-15,63.29,66.2,62.5,64.1,2205000.0
420,2020-12-16,64.4,65.7,63.95,64.55,875000.0
421,2020-12-17,64.0,66.65,64.0,64.27,1372000.0
422,2020-12-18,64.51,65.0,63.5,64.36,963000.0
423,2020-12-21,64.69,69.18,64.5,66.75,6245500.0
424,2020-12-22,67.25,71.6,66.3,68.76,3440000.0
425,2020-12-23,70.0,70.3,68.0,68.35,1318500.0
426,2020-12-24,69.11,70.0,67.8,68.08,2200000.0
427,2020-12-28,68.1,68.85,68.0,68.12,388000.0
428,2020-12-29,68.5,69.7,68.2,68.32,952500.0
429,2020-12-30,68.35,70.35,68.35,68.66,1694500.0
430,2020-12-31,69.45,69.75,66.0,68.07,984500.0
431,2021-01-01,68.0,69.25,67.65,68.42,1892000.0
432,2021-01-04,68.42,70.35,68.31,68.87,2563000.0
433,2021-01-05,69.0,69.39,68.26,68.49,545000.0
434,2021-01-06,68.5,69.5,68.31,69.15,851500.0
435,2021-01-07,70.0,72.7,70.0,71.24,4593000.0
436,2021-01-08,71.55,76.1,71.55,74.88,3873500.0
437,2021-01-11,75.99,76.8,73.9,74.33,1661000.0
438,2021-01-12,75.0,75.2,73.0,73.51,1143500.0
439,2021-01-13,73.6,74.7,72.0,74.17,1727500.0
440,2021-01-14,74.7,75.7,73.01,73.29,1581000.0
441,2021-01-15,73.5,74.0,70.67,71.44,1649000.0
442,2021-01-18,71.52,72.1,70.0,70.2,2351000.0
443,2021-01-19,70.75,73.9,70.2,71.0,3124000.0
444,2021-01-20,71.25,72.0,70.0,70.49,2339000.0
445,2021-01-21,70.95,75.45,70.5,73.3,5222000.0
446,2021-01-22,73.94,74.0,72.0,72.57,756500.0
447,2021-01-25,72.99,73.0,72.0,72.32,885500.0
448,2021-01-26,72.88,75.25,72.65,74.02,3631000.0
449,2021-01-27,74.35,74.5,72.5,72.86,1910000.0
450,2021-01-28,72.98,74.0,72.5,73.62,2168500.0
451,2021-01-29,73.15,74.95,73.0,73.34,2002500.0
452,2021-02-01,73.9,73.94,72.56,73.12,688500.0
453,2021-02-02,73.44,73.49,72.1,72.2,539000.0
454,2021-02-03,72.26,74.35,72.2,73.17,2599000.0
455,2021-02-04,73.11,73.99,72.22,72.4,1023500.0
456,2021-02-08,73.25,74.0,71.55,71.87,1014500.0
457,2021-02-09,72.0,72.35,71.0,71.13,326000.0
458,2021-02-10,70.91,71.01,68.6,69.55,479500.0
459,2021-02-11,68.87,70.85,68.11,68.99,2540000.0
460,2021-02-12,69.2,71.9,69.2,70.79,615000.0
461,2021-02-15,71.5,72.5,70.0,70.69,782000.0
462,2021-02-16,70.98,72.89,69.5,69.98,4111000.0
463,2021-02-17,70.26,70.85,69.05,69.16,1358000.0
464,2021-02-18,69.0,69.8,68.32,68.5,1071500.0
465,2021-02-19,69.47,70.2,68.5,69.85,803500.0
466,2021-02-22,70.4,70.95,68.8,68.99,778500.0
467,2021-02-23,69.02,74.16,69.02,74.16,6078000.0
468,2021-02-24,75.16,76.25,72.7,74.29,3982000.0
469,2021-02-25,75.0,76.9,74.6,75.14,3708000.0
470,2021-02-26,75.75,76.8,73.0,75.12,1950500.0
471,2021-03-01,74.94,74.94,70.25,73.13,1022000.0
472,2021-03-02,74.75,77.5,72.56,76.58,2610500.0
473,2021-03-03,75.51,76.4,75.0,76.02,537000.0
474,2021-03-04,72.0,76.0,72.0,73.4,1418000.0
475,2021-03-05,73.0,74.0,72.0,73.13,311500.0
476,2021-03-08,75.25,75.5,70.86,71.75,725500.0
477,2021-03-09,71.75,71.97,66.99,68.27,963500.0
478,2021-03-10,69.0,71.0,67.5,69.71,541000.0
479,2021-03-11,69.0,69.5,64.49,65.55,615000.0
480,2021-03-12,66.0,69.45,66.0,68.31,659000.0
481,2021-03-15,70.0,72.3,68.25,71.93,1030500.0
482,2021-03-16,72.5,73.49,71.94,72.75,780000.0
483,2021-03-17,74.0,74.5,72.5,72.88,1495500.0
484,2021-03-18,73.44,73.48,71.0,71.22,377500.0
485,2021-03-19,71.6,72.6,71.0,71.88,430000.0
486,2021-03-22,70.7,72.9,69.56,69.93,334500.0
487,2021-03-24,71.0,72.5,70.01,70.93,453500.0
488,2021-03-25,71.5,73.0,69.49,69.72,633000.0
489,2021-03-26,70.0,71.0,68.0,68.3,520000.0
490,2021-03-29,68.0,68.3,64.5,65.98,994000.0
491,2021-03-30,65.01,68.0,64.51,66.98,380000.0
492,2021-03-31,68.0,69.4,65.6,66.12,740500.0
493,2021-04-01,66.95,67.0,65.5,65.8,308000.0
494,2021-04-02,65.5,66.0,64.95,65.0,130500.0
495,2021-04-05,65.0,65.0,61.32,61.8,439500.0
496,2021-04-06,61.8,65.45,60.8,64.82,414000.0
497,2021-04-07,66.5,66.99,64.51,66.39,210500.0
498,2021-04-08,66.5,67.6,66.01,66.59,139000.0
499,2021-04-09,66.65,67.34,64.0,66.38,199500.0
500,2021-04-12,66.0,67.45,64.6,65.96,136500.0
501,2021-04-13,65.9,67.0,65.5,66.13,179500.0
502,2021-04-14,66.79,67.0,65.74,66.61,64000.0
503,2021-04-15,67.7,67.7,66.0,66.28,316500.0
504,2021-04-16,66.03,67.49,65.85,67.04,77000.0
505,2021-04-19,66.8,67.75,64.0,66.84,77500.0
506,2021-04-20,66.99,67.3,65.74,66.04,148000.0
507,2021-04-21,66.99,66.99,65.0,65.87,158500.0
508,2021-04-22,65.05,65.75,61.26,63.39,868000.0
509,2021-04-23,62.0,62.4,60.0,61.29,1603500.0
510,2021-04-26,60.77,65.1,60.0,64.33,1066500.0
511,2021-04-27,62.15,66.1,62.15,65.01,585000.0
512,2021-04-28,64.27,65.75,64.27,64.88,216500.0
513,2021-04-29,64.88,66.2,64.88,66.06,377000.0
514,2021-04-30,65.0,66.5,64.25,65.22,165500.0
515,2021-05-03,63.31,63.74,60.33,63.48,544500.0
516,2021-05-04,63.5,65.45,63.5,64.84,166000.0
517,2021-05-05,66.12,66.12,63.8,65.64,81500.0
518,2021-05-06,65.0,66.4,64.65,65.6,97500.0
519,2021-05-17,66.98,66.99,66.03,66.6,192500.0
520,2021-05-18,66.9,66.9,64.53,65.94,306500.0
521,2021-05-19,64.66,66.15,64.66,65.95,159500.0
522,2021-05-20,65.0,66.44,65.0,65.79,171000.0
523,2021-05-21,66.0,66.01,64.9,65.64,119000.0
524,2021-05-24,65.98,66.5,65.65,66.31,432000.0
525,2021-05-25,66.31,68.0,65.5,67.11,575000.0
526,2021-05-26,67.23,69.0,67.23,68.26,908500.0
527,2021-05-27,68.0,68.95,67.5,67.61,767500.0
528,2021-05-28,67.35,67.8,64.7,67.49,1201000.0
529,2021-05-31,68.0,69.1,67.95,68.56,885500.0
530,2021-06-01,68.94,73.5,68.7,72.43,1077500.0
531,2021-06-02,72.5,73.6,71.15,71.87,1200000.0
532,2021-06-03,71.5,72.39,70.0,70.07,276500.0
533,2021-06-04,70.33,71.75,70.0,70.9,880000.0
534,2021-06-07,71.0,72.0,71.0,71.88,169500.0
535,2021-06-08,71.26,71.6,69.0,70.91,208500.0
536,2021-06-09,71.0,71.0,69.7,70.0,302500.0
537,2021-06-10,70.0,70.5,69.75,70.04,381500.0
538,2021-06-11,70.4,70.9,69.9,69.99,213000.0
539,2021-06-14,70.69,71.6,70.0,70.09,303000.0
540,2021-06-15,70.45,70.47,69.69,69.95,363000.0
541,2021-06-16,70.0,70.0,69.7,69.85,175500.0
542,2021-06-17,69.8,72.0,69.8,70.37,1181500.0
543,2021-06-18,71.0,72.45,71.0,71.06,1736500.0
544,2021-06-21,71.49,71.8,71.0,71.01,149000.0
545,2021-06-22,71.1,71.98,70.25,71.47,257500.0
546,2021-06-23,71.5,71.94,70.95,71.09,341500.0
547,2021-06-24,71.48,71.48,70.86,71.1,221000.0
548,2021-06-25,70.56,71.1,70.0,70.25,483500.0
549,2021-06-28,70.0,71.02,68.0,68.48,412500.0
550,2021-06-29,69.15,70.1,69.0,69.33,368000.0
551,2021-06-30,69.39,70.35,69.0,70.03,477000.0
552,2021-07-01,69.6,70.74,69.6,70.5,109500.0
553,2021-07-02,70.5,70.85,70.0,70.06,36000.0
554,2021-07-05,70.0,70.5,70.0,70.26,95500.0
555,2021-07-06,70.46,70.46,70.0,70.11,91500.0
556,2021-07-07,70.0,70.54,69.39,70.49,115500.0
557,2021-07-08,70.49,73.0,70.0,72.1,555000.0
558,2021-07-09,72.35,72.4,70.5,71.49,275000.0
559,2021-07-12,71.6,72.35,71.0,71.13,116000.0
560,2021-07-13,70.08,71.0,70.0,71.0,246500.0
561,2021-07-14,71.33,72.15,71.0,71.97,195500.0
562,2021-07-15,71.6,72.53,71.6,72.02,97500.0
563,2021-07-16,72.0,73.0,71.9,72.02,687000.0
564,2021-07-19,72.99,73.0,72.2,72.8,68500.0
565,2021-07-23,72.99,73.9,72.16,73.45,178000.0
566,2021-07-26,73.45,75.6,73.45,74.28,677000.0
567,2021-07-27,74.2,75.75,73.52,73.89,895500.0
568,2021-07-28,74.0,74.05,72.7,73.0,192000.0
569,2021-07-29,73.03,73.99,72.5,72.96,111000.0
570,2021-07-30,72.85,74.0,72.5,73.05,161000.0
571,2021-08-02,73.0,74.9,72.0,74.47,295500.0
572,2021-08-03,74.96,75.99,74.51,75.12,807000.0
573,2021-08-04,75.5,76.76,75.5,75.6,257500.0
574,2021-08-05,76.5,77.19,75.71,76.06,168000.0
575,2021-08-06,76.09,76.09,74.8,75.01,152500.0
576,2021-08-09,75.0,75.74,74.0,74.12,114000.0
577,2021-08-10,74.01,74.98,73.85,74.03,307500.0
578,2021-08-11,74.45,74.45,74.0,74.01,92000.0
579,2021-08-12,74.99,74.99,73.5,73.56,40000.0
580,2021-08-13,73.3,74.5,73.27,74.0,131500.0
581,2021-08-16,73.5,74.5,73.0,73.97,137000.0
582,2021-08-17,74.49,75.0,73.5,74.73,67000.0
583,2021-08-20,75.5,75.56,74.85,74.94,118000.0
584,2021-08-23,75.0,75.48,74.52,75.01,280000.0
585,2021-08-24,74.02,76.4,74.02,74.66,58000.0
586,2021-08-25,74.53,75.1,74.53,74.6,53500.0
587,2021-08-26,74.53,75.39,74.0,75.11,107500.0
588,2021-08-27,74.52,75.25,73.08,75.12,134500.0
589,2021-08-30,70.11,75.5,70.11,74.35,45500.0
590,2021-08-31,74.35,74.95,74.35,74.51,21000.0
591,2021-09-01,74.94,76.48,74.94,75.94,489000.0
592,2021-09-02,75.03,75.05,74.95,74.99,111000.0
593,2021-09-03,71.35,75.1,71.35,75.0,348000.0
594,2021-09-06,75.0,75.0,74.0,74.51,38000.0
595,2021-09-07,74.51,75.1,74.02,75.0,84000.0
596,2021-09-08,74.6,75.0,74.25,74.96,153000.0
597,2021-09-09,75.5,75.5,74.0,75.18,136500.0
598,2021-09-10,74.75,75.75,74.75,75.71,691000.0
599,2021-09-13,75.5,76.51,75.25,76.2,463000.0
600,2021-09-14,76.47,76.6,74.5,75.28,314500.0
601,2021-09-15,74.8,75.5,72.1,74.87,97000.0
602,2021-09-16,75.0,77.45,73.75,77.15,687500.0
603,2021-09-17,77.5,77.5,75.35,75.98,335000.0
604,2021-09-20,76.5,76.5,74.0,74.77,164000.0
605,2021-09-21,75.1,75.21,74.0,74.04,69000.0
606,2021-09-22,73.5,73.99,70.0,72.99,339500.0
607,2021-09-23,75.99,75.99,72.0,72.33,54500.0
608,2021-09-24,72.0,74.0,71.6,73.22,131500.0
609,2021-09-27,73.0,73.22,72.1,73.15,187500.0
610,2021-09-28,72.3,73.0,71.1,71.86,32000.0
611,2021-09-29,73.7,73.7,70.8,71.37,244500.0
612,2021-09-30,71.5,71.85,70.0,71.17,198000.0
613,2021-10-01,71.05,71.85,71.0,71.3,186500.0
614,2021-10-04,71.85,72.0,71.5,72.0,58500.0
615,2021-10-05,72.5,73.44,72.5,72.98,126500.0
616,2021-10-06,70.0,70.8,64.76,69.82,358000.0
617,2021-10-07,68.61,71.5,68.5,70.31,156000.0
618,2021-10-08,69.8,73.0,69.8,72.25,190500.0
619,2021-10-11,72.0,72.48,71.0,72.09,246000.0
620,2021-10-12,71.5,73.0,70.0,72.9,388000.0
621,2021-10-13,72.75,72.75,71.5,72.23,137000.0
622,2021-10-14,72.48,73.0,69.5,72.93,77000.0
623,2021-10-15,73.0,74.25,72.8,73.42,1234500.0
624,2021-10-18,73.5,73.95,73.0,73.64,169000.0
625,2021-10-20,74.85,76.9,74.4,76.38,763500.0
626,2021-10-21,76.0,77.2,75.25,76.16,401000.0
627,2021-10-22,76.25,77.0,76.0,76.77,109000.0
628,2021-10-25,77.0,77.0,76.0,76.76,99500.0
629,2021-10-26,74.99,76.0,74.0,74.08,42500.0
630,2021-10-27,75.0,75.75,74.77,75.1,153500.0
631,2021-10-28,75.01,75.01,73.26,74.87,565000.0
632,2021-10-29,73.62,75.39,73.62,75.12,127000.0
633,2021-11-01,75.2,75.59,74.52,75.03,71000.0
634,2021-11-02,74.99,75.0,74.05,74.5,291000.0
635,2021-11-03,74.55,74.84,74.0,74.13,301000.0
636,2021-11-04,74.43,74.43,73.5,73.79,85500.0
637,2021-11-05,73.5,74.48,73.5,73.91,97500.0
638,2021-11-08,73.26,75.0,73.0,74.15,152000.0
639,2021-11-09,74.89,76.48,73.1,73.22,167500.0
640,2021-11-10,73.98,73.98,73.08,73.47,89000.0
641,2021-11-11,73.35,74.8,73.2,73.92,135000.0
642,2021-11-12,73.86,74.0,72.99,73.26,337000.0
643,2021-11-15,73.75,74.48,73.2,74.16,49000.0
644,2021-11-16,73.5,74.4,73.1,74.1,133000.0
645,2021-11-17,74.02,74.5,74.0,74.42,94500.0
646,2021-11-18,74.9,75.0,73.99,74.01,256500.0
647,2021-11-19,74.0,75.45,74.0,74.67,420000.0
648,2021-11-22,74.75,74.75,73.02,73.25,87500.0
649,2021-11-23,73.3,73.5,72.9,73.0,198000.0
650,2021-11-24,72.0,73.75,72.0,72.76,87000.0
651,2021-11-25,72.94,72.94,72.0,72.0,172000.0
652,2021-11-26,72.25,72.25,70.0,71.38,143500.0
653,2021-11-29,71.39,72.95,70.01,72.5,221500.0
654,2021-11-30,73.39,74.5,71.0,71.2,201000.0
655,2021-12-01,72.0,72.95,71.5,72.75,58000.0
656,2021-12-02,72.5,74.5,67.3,67.3,468500.0
657,2021-12-03,67.0,69.89,66.0,67.69,300000.0
658,2021-12-06,67.57,69.0,67.57,68.0,45000.0
659,2021-12-07,69.87,69.89,68.0,68.52,231500.0
660,2021-12-08,69.4,69.52,66.65,66.75,80500.0
661,2021-12-09,66.75,66.9,65.5,66.04,94500.0
662,2021-12-10,67.49,67.49,64.5,64.86,99000.0
663,2021-12-13,65.7,65.7,65.0,65.02,34000.0
664,2021-12-14,65.5,67.0,65.0,65.62,451000.0
665,2021-12-15,67.0,68.5,67.0,67.57,254000.0
666,2021-12-16,68.39,69.0,67.11,68.8,641500.0
667,2021-12-17,69.25,69.5,67.1,68.95,44500.0
668,2021-12-20,69.75,70.5,69.25,70.0,71000.0
669,2021-12-21,70.0,70.48,69.53,69.88,118000.0
670,2021-12-22,71.0,73.4,70.0,70.97,87500.0
671,2021-12-23,70.51,70.97,69.76,70.37,130500.0
672,2021-12-24,70.0,70.99,69.85,70.05,58500.0
673,2021-12-27,70.25,71.3,70.25,71.16,327500.0
674,2021-12-28,71.0,72.68,71.0,72.22,649500.0
675,2021-12-29,72.0,73.46,72.0,72.55,500000.0
676,2021-12-30,72.75,72.94,72.25,72.77,371000.0
677,2021-12-31,73.0,73.4,72.5,72.69,593500.0
678,2022-01-03,72.5,73.63,72.5,73.21,77000.0
679,2022-01-04,73.21,75.39,67.72,71.66,442500.0
680,2022-01-05,72.0,74.0,72.0,73.7,140500.0
681,2022-01-06,73.3,73.3,70.0,72.03,53000.0
682,2022-01-07,71.85,72.45,71.1,72.03,60500.0
683,2022-01-10,72.25,74.3,71.7,74.0,369500.0
684,2022-01-11,74.5,75.4,74.3,75.29,625500.0
685,2022-01-12,74.5,75.25,74.4,74.58,77500.0
686,2022-01-13,74.02,74.45,74.01,74.4,16000.0
687,2022-01-14,74.3,76.0,74.0,75.58,208000.0
688,2022-01-17,76.2,76.2,73.01,75.51,123091.0
689,2022-01-18,73.01,75.25,73.01,75.07,77122.0
690,2022-01-19,75.25,75.25,74.5,74.98,82961.0
691,2022-01-20,74.02,75.0,73.5,74.63,154189.0
692,2022-01-21,74.75,75.24,73.25,74.5,37619.0
693,2022-01-24,74.75,75.25,74.54,75.13,48805.0
694,2022-01-25,75.94,76.0,75.0,75.36,218894.0
695,2022-01-26,75.85,75.88,75.0,75.11,75593.0
696,2022-01-27,74.99,74.99,73.25,73.64,556021.0
697,2022-01-28,74.5,74.5,73.11,73.95,60554.0
698,2022-01-31,75.0,75.0,73.98,74.0,71065.0
699,2022-02-01,74.5,74.5,73.9,73.99,66843.0
700,2022-02-02,73.91,73.99,73.45,73.85,659425.0
701,2022-02-03,74.66,77.83,74.0,76.71,794870.0
702,2022-02-04,76.5,77.25,74.71,76.59,589228.0
703,2022-02-07,76.8,77.0,75.5,76.57,330224.0
704,2022-02-08,76.99,76.99,76.0,76.29,373356.0
705,2022-02-09,76.29,80.6,75.1,79.9,3921875.0
706,2022-02-10,80.19,84.45,79.25,80.32,3978426.0
707,2022-02-11,79.8,80.9,78.31,78.95,1069164.0
708,2022-02-14,79.98,79.98,77.15,77.35,92665.0
709,2022-02-15,78.99,78.99,77.5,78.24,183747.0
710,2022-02-16,78.75,78.88,78.0,78.19,309255.0
711,2022-02-17,78.9,81.39,78.0,78.52,1147503.0
712,2022-02-18,78.72,79.0,78.2,78.5,107656.0
713,2022-02-21,78.1,79.43,77.95,78.18,262163.0
714,2022-02-22,77.75,79.0,76.21,78.11,709542.0
715,2022-02-23,78.11,78.89,76.27,77.5,204749.0
716,2022-02-24,76.9,77.0,74.5,75.52,799490.0
717,2022-02-25,76.99,77.25,75.39,76.24,229328.0
718,2022-02-28,77.8,77.8,76.0,77.12,361623.0
719,2022-03-01,78.48,79.4,77.0,77.41,733190.0
720,2022-03-02,76.16,78.0,76.16,77.33,158588.0
721,2022-03-03,77.49,77.49,76.5,76.58,94440.0
722,2022-03-04,77.95,77.95,76.5,76.66,22804.0
723,2022-03-07,75.13,76.7,73.8,73.99,137412.0
724,2022-03-08,73.99,74.0,72.75,73.0,204507.0
725,2022-03-09,73.0,75.75,71.26,71.84,129984.0
726,2022-03-10,73.5,74.0,72.75,73.76,492687.0
727,2022-03-11,75.0,75.0,73.5,73.81,702335.0
728,2022-03-14,73.0,74.5,72.75,73.77,26366.0
729,2022-03-15,74.98,74.98,73.7,74.5,137551.0
730,2022-03-16,74.9,74.9,73.99,74.48,228777.0
731,2022-03-17,75.0,75.0,73.02,73.18,31732.0
732,2022-03-18,73.0,76.0,72.01,73.89,180494.0
733,2022-03-21,74.0,74.75,73.75,73.99,12487.0
734,2022-03-22,74.49,74.49,73.2,73.36,17784.0
735,2022-03-24,74.39,74.47,72.75,73.49,101114.0
736,2022-03-25,74.42,74.45,72.75,72.8,40226.0
737,2022-03-28,74.14,74.14,72.01,72.4,713818.0
738,2022-03-29,72.98,74.38,72.98,73.5,486731.0
739,2022-03-30,74.38,74.38,72.71,73.0,55057.0
740,2022-03-31,73.75,74.0,72.75,73.9,86712.0
741,2022-04-01,72.0,74.75,72.0,74.02,493966.0
742,2022-04-04,74.0,74.0,71.0,72.68,18513.0
743,2022-04-05,74.0,74.0,72.68,73.34,211946.0
744,2022-04-06,73.7,73.98,72.53,73.02,330224.0
745,2022-04-07,73.01,73.5,72.91,73.0,119257.0
746,2022-04-08,72.1,73.8,72.1,73.4,198585.0
747,2022-04-11,74.5,75.4,73.11,73.94,415602.0
748,2022-04-12,74.7,74.7,73.0,74.17,555137.0
749,2022-04-13,74.84,74.84,73.26,74.0,79371.0
750,2022-04-14,74.68,74.68,73.48,73.97,27252.0
751,2022-04-15,74.94,74.94,73.5,74.0,64757.0
752,2022-04-18,74.1,74.88,72.8,73.28,138461.0
753,2022-04-19,73.69,73.69,72.16,72.51,9861.0
754,2022-04-20,72.52,74.88,71.72,71.98,35669.0
755,2022-04-21,73.99,73.99,70.1,70.47,196956.0
756,2022-04-22,72.0,72.0,70.02,71.3,71621.0
757,2022-04-25,74.14,74.14,71.5,71.86,44866.0
758,2022-04-26,72.69,72.69,71.0,71.9,89845.0
759,2022-04-27,72.96,72.96,70.75,70.91,66102.0
760,2022-04-28,72.48,72.48,69.75,70.74,999689.0
761,2022-05-06,70.75,72.5,69.5,70.12,21638.0
762,2022-05-09,70.25,70.75,65.5,67.5,211350.0
763,2022-05-10,65.25,68.19,65.25,67.51,84138.0
764,2022-05-11,68.49,68.49,66.45,66.54,207836.0
765,2022-05-12,64.5,67.25,64.5,67.0,100264.0
766,2022-05-13,66.0,72.02,65.13,71.32,196762.0
767,2022-05-16,71.32,71.32,67.26,70.22,48286.0
768,2022-05-17,71.99,71.99,69.0,69.54,97576.0
769,2022-05-18,68.0,70.5,68.0,68.43,114567.0
770,2022-05-19,68.5,68.99,66.95,67.47,130068.0
771,2022-05-20,70.5,70.5,67.0,67.54,64876.0
772,2022-05-23,67.8,67.98,65.11,66.02,74861.0
773,2022-05-24,65.11,67.25,64.5,65.34,61823.0
774,2022-05-25,64.9,65.5,63.0,64.99,162476.0
775,2022-05-26,65.25,68.22,63.64,68.03,37070.0
776,2022-05-27,69.03,71.0,67.01,67.52,211861.0
777,2022-05-30,67.75,69.5,67.3,68.81,90564.0
778,2022-05-31,69.0,69.24,67.5,67.57,20190.0
779,2022-06-01,67.99,67.99,66.5,66.7,58459.0
780,2022-06-02,65.21,68.0,65.21,65.61,22063.0
781,2022-06-03,65.75,68.98,63.95,63.98,68727.0
782,2022-06-06,64.25,65.25,64.2,64.95,16205.0
783,2022-06-07,65.25,67.25,65.0,65.4,344393.0
784,2022-06-08,65.5,65.5,64.85,65.0,152701.0
785,2022-06-09,64.51,66.0,64.51,65.1,351251.0
786,2022-06-10,65.2,65.7,65.0,65.15,22263.0
787,2022-06-13,68.85,68.85,63.6,64.2,178185.0
788,2022-06-14,64.5,64.9,64.0,64.09,25509.0
789,2022-06-15,65.69,65.69,63.5,64.11,17583.0
790,2022-06-16,66.0,66.0,63.11,64.01,121775.0
791,2022-06-17,64.0,65.0,62.02,64.52,203609.0
792,2022-06-20,64.0,64.99,63.9,64.0,74834.0
793,2022-06-21,65.89,65.89,63.8,64.79,60075.0
794,2022-06-22,64.8,65.05,63.5,64.0,106716.0
795,2022-06-23,64.5,64.7,64.23,64.5,129260.0
796,2022-06-24,65.94,65.94,60.11,62.0,253279.0
797,2022-06-27,62.0,62.49,61.0,61.54,73959.0
798,2022-06-28,61.97,61.97,60.0,60.74,115898.0
799,2022-06-29,62.84,62.84,61.1,61.19,40314.0
800,2022-06-30,61.8,61.98,61.0,61.0,53020.0
801,2022-07-01,62.8,62.8,60.0,60.6,30058.0
802,2022-07-04,60.99,61.95,60.35,60.93,181330.0
803,2022-07-05,61.8,62.0,60.85,61.14,47749.0
804,2022-07-06,61.14,61.5,61.0,61.0,86172.0
805,2022-07-07,61.0,61.9,60.9,61.02,104912.0
806,2022-07-13,60.54,61.93,60.54,61.0,28494.0
807,2022-07-14,61.11,61.83,60.95,61.32,515720.0
808,2022-07-15,61.8,62.5,61.0,61.84,92825.0
809,2022-07-18,61.02,62.99,59.5,60.64,248700.0
810,2022-07-19,61.5,61.5,58.01,59.54,504574.0
811,2022-07-20,60.8,62.7,57.75,60.83,1258243.0
812,2022-07-21,60.29,61.7,58.5,60.86,799100.0
813,2022-07-22,59.5,60.0,58.0,59.67,824584.0
814,2022-07-25,58.13,59.4,58.13,59.24,190879.0
815,2022-07-26,59.34,63.68,58.6,61.07,2024624.0
816,2022-07-27,60.1,62.19,60.1,61.65,180264.0
817,2022-07-28,61.65,62.5,61.1,62.3,69248.0
818,2022-07-29,61.4,63.4,61.0,62.23,75187.0
819,2022-08-01,63.4,63.4,61.05,61.51,63521.0
820,2022-08-02,59.5,61.5,58.03,59.07,313648.0
821,2022-08-03,60.69,61.05,58.5,59.2,513288.0
822,2022-08-04,59.45,61.0,59.45,60.67,210887.0
823,2022-08-05,60.67,61.9,60.13,61.02,384868.0
824,2022-08-10,61.3,63.0,61.0,62.54,120691.0
825,2022-08-11,62.74,63.0,61.0,62.16,213227.0
826,2022-08-12,62.5,64.9,62.0,63.93,354225.0
827,2022-08-15,64.49,68.72,64.49,67.71,3498042.0
828,2022-08-16,66.8,68.48,66.8,67.43,1692079.0
829,2022-08-17,67.98,67.99,66.0,66.32,161342.0
830,2022-08-18,66.1,66.99,66.0,66.09,114333.0
831,2022-08-19,66.75,67.0,66.0,66.01,101768.0
832,2022-08-22,66.5,66.5,64.0,66.08,92867.0
833,2022-08-23,66.9,66.9,64.5,66.0,1057815.0
834,2022-08-24,66.97,66.97,65.0,65.01,150891.0
835,2022-08-25,65.89,66.0,64.5,64.67,371580.0
836,2022-08-26,65.5,65.5,63.5,64.04,393901.0
837,2022-08-29,64.0,64.04,60.5,62.57,293860.0
838,2022-08-30,63.33,65.9,62.0,62.34,216325.0
839,2022-08-31,61.0,64.0,61.0,63.44,1677919.0
840,2022-09-01,63.9,64.99,62.25,63.01,273802.0
841,2022-09-02,64.0,64.0,62.3,62.98,395953.0
842,2022-09-05,63.01,63.85,61.52,62.71,263393.0
843,2022-09-06,61.62,62.8,61.62,62.24,302938.0
844,2022-09-07,62.8,63.1,62.25,63.01,603080.0
845,2022-09-08,63.0,63.55,62.25,63.19,32799.0
846,2022-09-09,62.02,64.25,62.02,63.49,833251.0
847,2022-09-12,63.69,64.8,62.99,63.61,370238.0
848,2022-09-13,64.0,64.0,61.25,63.01,287319.0
849,2022-09-14,63.85,65.99,62.25,65.38,1537449.0
850,2022-09-15,65.9,66.9,62.0,63.6,3604019.0
851,2022-09-16,63.6,64.5,63.0,63.9,451151.0
852,2022-09-19,63.92,64.1,63.04,63.5,268101.0
853,2022-09-20,63.5,64.2,62.5,63.0,375730.0
854,2022-09-21,63.97,63.97,62.0,62.87,77351.0
855,2022-09-22,61.5,63.25,61.5,63.05,94635.0
856,2022-09-23,63.5,63.5,62.05,63.05,118735.0
857,2022-09-26,62.05,63.49,62.0,62.97,203216.0
858,2022-09-27,62.75,63.5,62.1,62.54,307483.0
859,2022-09-28,62.99,62.99,62.5,62.57,305595.0
860,2022-09-29,62.5,62.99,62.25,62.52,73947.0
861,2022-09-30,62.26,63.5,62.26,62.95,99892.0
862,2022-10-03,62.29,63.7,62.01,62.34,36652.0
863,2022-10-04,62.9,63.0,62.31,62.71,749656.0
864,2022-10-05,62.8,62.9,62.06,62.53,60342.0
865,2022-10-06,62.1,63.89,61.9,63.07,326976.0
866,2022-10-07,62.0,62.0,58.72,59.92,298927.0
867,2022-10-10,59.0,60.83,58.5,58.75,109538.0
868,2022-10-11,58.57,59.39,56.7,57.31,326748.0
869,2022-10-12,56.76,60.0,56.5,58.5,88814.0
870,2022-10-13,58.52,59.24,58.0,59.0,29444.0
871,2022-10-14,59.0,59.95,58.11,59.17,41039.0
872,2022-10-17,59.98,59.99,58.1,59.09,22072.0
873,2022-10-18,60.0,63.0,59.05,61.48,923384.0
874,2022-10-19,61.5,62.44,61.0,62.02,674655.0
875,2022-10-20,62.3,62.5,61.5,62.43,68891.0
876,2022-10-21,61.5,63.89,61.0,62.0,83739.0
877,2022-10-24,63.55,63.55,61.76,62.3,117671.0
878,2022-10-25,62.89,62.89,61.01,62.01,11964.0
879,2022-10-26,60.5,62.0,60.5,61.11,391760.0
880,2022-10-27,62.0,62.0,60.48,61.01,681124.0
881,2022-10-28,61.5,61.9,59.1,60.01,67239.0
882,2022-10-31,61.25,61.25,59.06,59.82,7730.0
883,2022-11-01,61.89,61.89,58.51,59.87,17182.0
884,2022-11-02,61.0,61.3,59.02,60.62,38140.0
885,2022-11-03,60.04,61.5,60.04,61.42,39261.0
886,2022-11-04,61.0,61.49,60.5,60.98,4207.0
887,2022-11-07,61.0,61.02,59.9,60.06,32143.0
888,2022-11-08,60.75,61.0,55.6,58.88,1140911.0
889,2022-11-10,58.88,60.92,58.5,60.88,146275.0
890,2022-11-11,60.06,60.78,59.5,60.25,106095.0
891,2022-11-14,58.21,59.55,58.21,59.0,82805.0
892,2022-11-15,58.45,59.5,58.45,58.62,63480.0
893,2022-11-16,58.31,59.0,58.0,58.37,62957.0
894,2022-11-17,59.0,59.0,58.6,58.9,49940.0
895,2022-11-18,58.01,59.1,57.0,57.04,200124.0
896,2022-11-21,58.44,58.44,56.82,57.0,99974.0
897,2022-11-22,56.12,57.75,53.5,56.17,812162.0
898,2022-11-23,55.66,56.51,55.66,56.38,130251.0
899,2022-11-24,56.1,60.0,56.1,57.0,129819.0
900,2022-11-25,57.5,57.55,56.5,56.94,99225.0
901,2022-11-28,56.9,56.9,54.5,55.03,439794.0
902,2022-11-29,55.01,55.97,55.01,55.47,172396.0
903,2022-11-30,55.03,56.4,55.03,56.05,272823.0
904,2022-12-01,56.5,57.81,56.01,57.35,101066.0
905,2022-12-02,57.5,57.5,56.01,56.47,1180389.0
906,2022-12-05,56.99,59.0,56.56,58.5,1241420.0
907,2022-12-06,58.5,60.45,57.75,60.22,1917692.0
908,2022-12-07,60.0,61.69,59.0,59.45,5195723.0
909,2022-12-08,60.0,60.0,58.0,58.8,36944.0
910,2022-12-09,59.78,59.78,57.65,58.42,48573.0
911,2022-12-12,58.01,58.65,57.5,58.01,197340.0
912,2022-12-13,57.25,59.9,57.25,59.57,743445.0
913,2022-12-14,58.0,60.35,58.0,60.0,921385.0
914,2022-12-15,59.11,60.45,58.61,59.99,1137880.0
915,2022-12-16,59.75,60.39,59.2,59.87,454899.0
916,2022-12-19,58.67,60.5,58.67,59.73,145018.0
917,2022-12-20,60.0,60.0,56.1,56.58,319267.0
918,2022-12-21,56.11,58.5,56.0,58.39,781463.0
919,2022-12-22,57.99,58.27,56.25,57.99,345337.0
920,2022-12-23,58.49,58.49,56.51,57.62,114544.0
921,2022-12-26,57.89,59.45,56.54,59.18,176319.0
922,2022-12-27,57.53,59.98,57.53,57.96,86888.0
923,2022-12-28,59.39,59.39,55.01,55.82,605291.0
924,2022-12-29,57.49,57.5,55.11,57.0,151063.0
925,2022-12-30,58.0,58.0,56.0,56.65,46738.0
926,2023-01-02,56.99,56.99,55.7,56.04,62380.0
927,2023-01-03,56.6,56.98,55.01,55.3,27627.0
928,2023-01-04,55.3,56.39,55.0,55.89,24212.0
929,2023-01-05,55.01,56.5,55.01,56.25,35677.0
930,2023-01-06,55.12,57.93,55.12,56.5,57111.0
931,2023-01-09,56.0,56.9,54.52,55.11,76181.0
932,2023-01-10,56.0,56.5,55.21,55.96,80587.0
933,2023-01-11,56.0,56.0,54.0,54.17,63817.0
934,2023-01-12,55.0,55.74,53.1,53.51,668630.0
935,2023-01-13,53.3,55.0,51.3,53.5,106518.0
936,2023-01-16,53.0,54.0,52.3,53.07,32623.0
937,2023-01-17,53.97,53.97,49.5,50.67,2455649.0
938,2023-01-18,52.8,52.8,50.0,51.74,85223.0
939,2023-01-19,51.01,52.9,50.26,50.81,317902.0
940,2023-01-20,51.0,51.0,48.06,49.53,165808.0
941,2023-01-23,47.5,50.9,47.5,49.35,5612.0
942,2023-01-24,52.0,52.0,48.1,50.02,305867.0
943,2023-01-25,51.8,52.5,51.0,52.3,714429.0
944,2023-01-26,51.04,54.5,51.04,53.51,1454417.0
945,2023-01-27,53.01,53.5,52.01,52.88,201875.0
946,2023-01-30,52.02,53.5,51.6,52.18,38511.0
947,2023-01-31,52.97,53.2,51.5,52.35,374585.0
948,2023-02-01,53.0,53.0,51.5,51.86,140162.0
949,2023-02-02,52.75,52.75,51.4,51.56,93549.0
950,2023-02-03,52.97,52.97,51.0,52.0,110113.0
951,2023-02-06,52.0,52.5,51.8,52.01,146127.0
952,2023-02-07,53.89,53.89,51.13,51.97,136866.0
953,2023-02-08,52.01,53.5,52.01,53.5,113971.0
954,2023-02-09,53.75,53.99,52.81,53.55,912805.0
955,2023-02-10,53.25,53.48,52.04,52.54,20766.0
956,2023-02-13,54.0,54.0,52.0,52.2,207258.0
957,2023-02-14,52.3,53.53,48.8,51.2,900597.0
958,2023-02-15,50.8,51.0,49.36,50.02,134897.0
959,2023-02-16,50.48,51.49,48.75,48.84,460726.0
960,2023-02-17,51.0,51.0,48.75,49.56,201392.0
961,2023-02-20,49.01,49.5,48.6,49.0,54183.0
962,2023-02-21,49.0,50.25,49.0,50.0,3044697.0
963,2023-02-22,50.0,51.2,50.0,50.34,29682.0
964,2023-02-23,50.0,51.48,50.0,50.68,40707.0
965,2023-02-24,50.52,51.0,49.5,49.82,31333.0
966,2023-02-27,50.0,50.2,48.8,49.99,1593322.0
967,2023-02-28,49.7,50.47,49.5,49.75,3227439.0
968,2023-03-01,49.84,49.84,49.0,49.12,2840664.0
969,2023-03-02,49.88,49.88,48.82,48.87,45051.0
970,2023-03-03,49.86,49.86,48.1,48.23,45983.0
971,2023-03-06,48.6,49.8,48.6,49.34,26902.0
972,2023-03-07,49.5,49.5,48.65,49.0,14622.0
973,2023-03-08,49.75,49.75,49.0,49.39,173404.0
974,2023-03-09,49.79,49.79,48.51,49.28,47633.0
975,2023-03-10,49.8,49.8,48.5,48.89,129274.0
976,2023-03-13,49.7,49.7,48.89,49.02,27345.0
977,2023-03-14,48.8,49.79,48.8,48.9,15561.0
978,2023-03-15,48.8,49.79,48.8,49.6,135492.0
979,2023-03-16,49.78,50.4,49.0,49.14,386439.0
980,2023-03-17,49.02,49.84,48.5,49.09,319798.0
981,2023-03-20,49.5,49.5,48.15,48.25,25648.0
982,2023-03-21,49.24,49.25,48.5,49.18,27567.0
983,2023-03-22,49.25,49.6,48.75,48.98,31398.0
984,2023-03-24,48.7,49.4,47.94,48.08,9958.0
985,2023-03-27,47.9,48.08,47.9,48.01,9508.0
986,2023-03-28,48.89,48.95,47.5,48.0,14583.0
987,2023-03-29,49.73,49.73,47.8,47.96,16418.0
988,2023-03-30,49.1,49.5,46.1,48.24,65933.0
989,2023-03-31,49.4,49.4,47.0,47.89,1086851.0
990,2023-04-03,46.33,48.5,46.33,47.94,102563.0
991,2023-04-04,47.8,49.2,47.01,48.16,26756.0
992,2023-04-05,48.88,48.88,47.51,48.0,22844.0
993,2023-04-06,48.1,48.49,47.05,47.78,36568.0
994,2023-04-07,48.0,48.45,47.5,47.72,119297.0
995,2023-04-10,47.01,47.99,47.01,47.58,22883.0
996,2023-04-11,47.21,48.0,47.03,47.96,2606641.0
997,2023-04-12,47.6,48.86,47.6,48.09,17290.0
998,2023-04-13,48.27,48.62,48.09,48.13,22245.0
999,2023-04-17,47.15,49.39,47.15,47.52,49139.0
1000,2023-04-18,48.74,50.01,46.7,49.02,1063877.0
1001,2023-04-19,49.05,50.8,48.8,49.03,503911.0
1002,2023-04-20,49.1,50.3,48.65,49.0,254295.0
1003,2023-04-26,49.4,49.8,48.91,48.99,923258.0
1004,2023-04-27,48.81,49.5,48.25,48.57,243470.0
1005,2023-04-28,48.16,49.0,48.0,48.5,369384.0
1006,2023-05-02,48.75,49.0,48.26,48.5,127551.0
1007,2023-05-03,48.55,49.0,47.8,48.2,304320.0
1008,2023-05-04,48.5,50.0,48.3,49.45,943396.0
1009,2023-05-05,49.4,51.49,49.15,50.31,538223.0
1010,2023-05-08,50.31,50.79,49.61,49.76,137834.0
1011,2023-05-09,49.9,49.9,49.0,49.22,284917.0
1012,2023-05-10,48.0,49.4,48.0,49.17,28649.0
1013,2023-05-11,49.0,49.3,48.5,48.91,44231.0
1014,2023-05-12,49.25,49.83,47.0,49.62,82346.0
1015,2023-05-15,49.05,49.88,48.75,49.07,139970.0
1016,2023-05-16,49.2,49.69,48.75,49.1,703249.0
1017,2023-05-17,49.39,49.39,48.91,48.98,227969.0
1018,2023-05-18,49.2,49.2,48.15,48.55,223898.0
1019,2023-05-19,48.8,49.69,48.7,49.25,229993.0
1020,2023-05-22,48.2,49.24,47.0,47.17,629855.0
1021,2023-05-23,48.0,48.0,47.35,47.5,547158.0
1022,2023-05-24,47.9,48.88,47.5,48.56,305201.0
1023,2023-05-25,48.94,48.94,48.06,48.46,388408.0
1024,2023-05-26,48.25,48.25,47.35,47.47,1783549.0
1025,2023-05-29,47.5,48.85,47.5,48.5,506683.0
1026,2023-05-30,48.61,48.9,47.86,47.99,114648.0
1027,2023-05-31,48.59,49.0,47.7,47.9,541659.0
1028,2023-06-01,48.4,48.5,48.0,48.36,79032.0
1029,2023-06-02,48.15,49.9,48.15,49.25,72701.0
1030,2023-06-05,48.99,49.28,48.81,49.0,28182.0
1031,2023-06-06,49.23,49.9,49.19,49.66,132117.0
1032,2023-06-07,49.98,51.0,49.98,50.09,947715.0
1033,2023-06-08,50.26,52.98,50.26,51.1,640883.0
1034,2023-06-09,51.5,54.93,51.5,54.93,3215822.0
1035,2023-06-12,53.9,56.29,53.89,54.44,4082703.0
1036,2023-06-13,55.79,55.79,54.11,54.57,849726.0
1037,2023-06-14,54.84,55.34,54.51,54.84,1433991.0
1038,2023-06-15,35.8,35.8,34.12,34.63,435461.0
1039,2023-06-16,34.9,34.95,33.91,34.29,233738.0
1040,2023-06-19,34.5,34.5,33.0,33.25,364639.0
1041,2023-06-20,33.19,33.6,31.8,33.23,833820.0
1042,2023-06-21,33.25,33.35,32.42,32.59,754418.0
1043,2023-06-22,33.55,33.55,32.75,33.23,97021.0
1044,2023-06-23,33.55,34.4,33.5,34.0,386537.0
1045,2023-06-26,34.48,35.05,34.06,34.9,1075781.0
1046,2023-06-27,34.89,35.59,34.5,35.26,340488.0
1047,2023-07-03,37.88,37.9,37.25,37.9,2359046.0
1048,2023-07-04,38.35,38.35,36.5,36.75,878375.0
1049,2023-07-05,37.13,38.19,36.62,37.64,2310613.0
1050,2023-07-06,37.98,38.5,37.21,37.99,718717.0
1051,2023-07-07,38.2,38.23,37.47,37.84,934556.0
1052,2023-07-10,38.02,38.5,37.8,38.06,1326847.0
1053,2023-07-11,38.58,40.0,38.1,39.54,2188606.0
1054,2023-07-12,40.35,40.35,39.7,39.81,739229.0
1055,2023-07-13,40.1,40.6,38.11,38.33,436448.0
1056,2023-07-14,38.25,39.24,37.51,37.79,220470.0
1057,2023-07-17,37.79,37.99,37.51,37.84,61131.0
1058,2023-07-18,38.49,38.49,37.53,37.82,203346.0
1059,2023-07-19,37.3,38.17,37.25,37.43,336222.0
1060,2023-07-20,37.55,38.0,37.48,37.63,257939.0
1061,2023-07-21,37.88,37.89,37.01,37.38,247737.0
1062,2023-07-24,37.41,37.73,36.35,36.59,703423.0
1063,2023-07-25,36.6,37.4,36.4,36.51,679308.0
1064,2023-07-26,36.51,38.9,36.5,37.91,908890.0
1065,2023-07-27,38.4,38.4,37.32,37.74,491717.0
1066,2023-07-31,37.8,39.24,37.5,38.07,1293187.0
1067,2023-08-01,39.0,40.93,38.57,40.57,2322163.0
1068,2023-08-02,41.11,42.5,41.0,41.48,2483932.0
1069,2023-08-03,41.5,42.2,40.7,40.88,1121029.0
1070,2023-08-04,40.0,40.7,39.45,39.83,595453.0
1071,2023-08-07,39.75,40.62,39.5,39.86,704272.0
1072,2023-08-08,39.8,40.2,39.13,39.7,1444690.0
1073,2023-08-09,39.11,40.39,39.11,39.97,793848.0
1074,2023-08-10,39.99,40.48,39.6,40.04,697054.0
1075,2023-08-11,40.39,40.7,39.91,40.02,1398748.0
1076,2023-08-15,40.5,41.4,39.93,41.06,1479824.0
1077,2023-08-16,40.51,41.9,40.51,40.78,1098946.0
1078,2023-08-17,40.79,43.0,40.5,42.18,2699928.0
1079,2023-08-18,42.85,42.85,41.02,42.12,1520147.0
1080,2023-08-21,41.99,41.99,41.18,41.25,172916.0
1081,2023-08-22,41.11,42.18,41.0,41.32,177809.0
1082,2023-08-23,41.36,41.75,40.8,41.13,141155.0
1083,2023-08-24,41.1,42.18,41.1,41.79,298566.0
1084,2023-08-25,41.7,41.7,40.95,41.0,526032.0
1085,2023-08-28,41.45,41.45,40.0,40.17,275378.0
1086,2023-08-29,40.01,40.5,38.75,39.45,448468.0
1087,2023-08-30,39.84,39.84,38.36,38.76,395771.0
1088,2023-08-31,39.21,39.21,35.85,36.77,1671587.0
1089,2023-09-01,36.5,38.44,36.5,38.04,938583.0
1090,2023-09-04,38.18,39.3,38.18,39.12,538321.0
1091,2023-09-05,39.5,39.5,39.0,39.09,161685.0
1092,2023-09-06,39.09,40.24,39.0,39.91,395738.0
1093,2023-09-07,40.01,42.4,39.6,41.85,2662918.0
1094,2023-09-08,42.01,42.3,41.15,41.67,669285.0
1095,2023-09-11,41.45,42.0,40.05,40.38,368383.0
1096,2023-09-12,40.2,40.78,39.6,39.89,259217.0
1097,2023-09-13,40.0,40.15,39.5,40.06,224245.0
1098,2023-09-14,39.9,40.99,39.9,40.64,120652.0
1099,2023-09-15,41.3,43.1,41.3,41.8,3155830.0
1100,2023-09-18,41.75,42.1,40.5,41.56,451513.0
1101,2023-09-19,41.58,41.88,41.2,41.41,115024.0
1102,2023-09-20,41.41,41.57,41.0,41.35,82779.0
1103,2023-09-21,41.59,42.25,41.05,41.93,254983.0
1104,2023-09-22,42.24,42.7,41.76,42.44,250189.0
1105,2023-09-25,42.5,45.62,42.5,45.53,1366434.0
1106,2023-09-26,45.68,45.8,45.05,45.5,1234188.0
1107,2023-09-27,45.13,45.98,44.1,45.78,1308019.0
1108,2023-09-28,45.94,46.1,45.0,45.16,712170.0
1109,2023-10-02,45.75,46.3,45.2,46.07,1409308.0
1110,2023-10-03,46.1,46.3,45.61,46.09,659061.0
1111,2023-10-04,45.19,45.19,43.8,44.0,554912.0
1112,2023-10-05,44.29,46.0,43.82,45.35,1139664.0
1113,2023-10-06,45.87,45.9,44.5,44.88,289125.0
1114,2023-10-09,44.6,45.09,44.4,44.7,490110.0
1115,2023-10-10,44.94,45.8,44.45,45.46,382749.0
1116,2023-10-11,45.85,46.4,45.25,45.7,241185.0
1117,2023-10-12,45.7,46.0,45.5,45.94,652706.0
1118,2023-10-13,45.52,45.96,45.46,45.65,918262.0
1119,2023-10-16,45.65,45.95,44.95,45.17,220501.0
1120,2023-10-17,45.25,45.68,45.01,45.53,280931.0
1121,2023-10-18,45.12,45.87,44.52,44.91,163744.0
1122,2023-10-19,44.61,45.0,44.31,44.56,800489.0
1123,2023-10-20,44.97,45.45,44.52,44.7,195626.0
1124,2023-10-23,45.33,45.45,45.0,45.07,226598.0
1125,2023-10-24,44.71,45.3,44.71,44.89,704254.0
1126,2023-10-25,45.15,45.24,44.4,44.51,228927.0
1127,2023-10-26,44.5,44.8,44.4,44.51,154180.0
1128,2023-10-27,44.6,46.0,44.4,45.44,277083.0
1129,2023-10-30,44.73,46.25,44.51,45.98,581996.0
1130,2023-10-31,45.65,49.43,45.65,49.43,2012078.0
1131,2023-11-01,51.0,53.14,50.8,53.14,2407505.0
1132,2023-11-02,54.1,57.13,54.1,57.13,3244298.0
1133,2023-11-03,58.9,60.88,56.5,56.88,2352317.0
1134,2023-11-06,56.99,58.65,56.99,57.49,557644.0
1135,2023-11-07,57.49,59.88,56.0,56.49,1428677.0
1136,2023-11-08,56.05,57.25,55.85,55.99,739300.0
1137,2023-11-10,56.35,59.5,56.27,58.57,2067753.0
1138,2023-11-13,59.25,61.68,59.25,60.71,1753643.0
1139,2023-11-14,61.77,61.77,59.62,59.89,578433.0
1140,2023-11-15,59.21,60.0,59.06,59.4,403249.0
1141,2023-11-16,59.4,61.25,59.02,60.07,1059518.0
1142,2023-11-17,62.0,62.8,55.56,61.03,2321968.0
1143,2023-11-20,61.5,61.7,60.4,61.08,655302.0
1144,2023-11-21,61.17,63.01,61.17,62.14,1445410.0
1145,2023-11-22,62.5,64.0,62.5,63.5,1334834.0
1146,2023-11-23,64.0,66.45,64.0,65.06,916523.0
1147,2023-11-24,66.15,66.5,65.0,65.91,1185458.0
1148,2023-11-27,66.11,70.0,66.11,69.48,2299576.0
1149,2023-11-28,70.01,70.87,69.15,69.47,525211.0
1150,2023-11-29,69.0,70.0,66.0,66.31,1792779.0
1151,2023-11-30,66.33,67.71,65.6,67.06,471036.0
1152,2023-12-01,66.99,72.09,66.99,72.0,2639172.0
1153,2023-12-04,74.5,77.0,73.27,74.46,3015300.0
1154,2023-12-05,74.9,74.98,73.03,73.25,662740.0
1155,2023-12-06,73.11,74.2,73.11,73.66,485335.0
1156,2023-12-07,73.66,74.1,71.22,72.75,556191.0
1157,2023-12-08,73.69,76.0,72.72,75.25,2029848.0
1158,2023-12-11,75.75,76.49,73.99,74.6,562418.0
1159,2023-12-12,75.2,75.2,73.5,73.67,532262.0
1160,2023-12-13,73.94,74.42,72.5,72.67,474913.0
1161,2023-12-14,72.54,72.55,70.36,70.86,428162.0
1162,2023-12-15,70.87,71.5,69.9,70.15,570232.0
1163,2023-12-18,70.26,71.8,69.05,69.32,447514.0
1164,2023-12-19,69.3,69.31,65.89,67.37,824555.0
1165,2023-12-20,66.5,68.74,66.35,67.06,817372.0
1166,2023-12-21,67.4,70.89,66.52,69.99,362705.0
1167,2023-12-22,70.9,72.4,70.06,70.73,887941.0
1168,2023-12-26,72.11,72.11,65.95,66.92,1092454.0
1169,2023-12-27,66.9,68.0,65.98,67.41,1456386.0
1170,2023-12-28,67.9,71.5,67.9,70.81,974654.0
1171,2023-12-29,70.5,72.5,69.5,72.0,468924.0
1172,2024-01-01,72.15,73.49,72.15,72.56,337503.0
1173,2024-01-02,72.75,73.0,71.75,72.09,252557.0
1174,2024-01-03,72.48,75.19,71.02,74.46,919964.0
1175,2024-01-04,74.9,74.9,72.5,73.84,497631.0
1176,2024-01-05,73.6,75.4,72.53,74.75,977397.0
1177,2024-01-08,74.98,74.98,70.95,71.75,889978.0
1178,2024-01-09,71.8,72.74,71.0,72.14,163323.0
1179,2024-01-10,73.95,73.95,71.61,72.0,196579.0
1180,2024-01-11,71.61,74.0,71.52,72.52,258622.0
1181,2024-01-12,73.63,73.73,72.02,72.39,182375.0
1182,2024-01-15,72.12,72.5,71.52,71.76,201760.0
1183,2024-01-16,71.97,71.98,70.95,71.52,246311.0
1184,2024-01-17,70.52,71.9,70.51,70.98,156819.0
1185,2024-01-18,70.5,71.0,69.07,70.71,66428.0
1186,2024-01-19,71.15,71.99,70.9,71.62,115760.0
1187,2024-01-22,71.9,72.2,71.25,71.63,120780.0
1188,2024-01-23,72.5,72.51,70.19,72.1,312990.0
1189,2024-01-24,72.0,72.0,71.11,71.22,134449.0
1190,2024-01-25,71.8,72.25,71.11,71.78,236783.0
1191,2024-01-26,71.9,72.39,71.11,71.84,70544.0
1192,2024-01-29,72.19,72.19,68.5,70.2,323789.0
1193,2024-01-30,70.5,71.4,68.25,69.07,280263.0
1194,2024-01-31,69.9,70.29,68.9,69.32,223417.0
1195,2024-02-01,70.0,70.8,69.01,69.45,847598.0
1196,2024-02-02,69.5,71.4,69.0,70.85,120204.0
1197,2024-02-06,71.38,72.6,71.0,72.22,488523.0
1198,2024-02-07,72.9,73.7,72.0,72.78,144496.0
1199,2024-02-09,72.0,72.0,67.32,70.56,711390.0
1200,2024-02-12,70.0,70.0,67.01,67.74,311220.0
1201,2024-02-13,68.0,70.78,66.5,70.28,218852.0
1202,2024-02-14,71.0,72.9,71.0,71.7,261922.0
1203,2024-02-15,71.7,72.7,69.74,71.4,300922.0
1204,2024-02-16,70.51,71.95,68.99,69.52,174510.0
1205,2024-02-19,69.31,70.98,69.02,70.68,173014.0
1206,2024-02-20,70.98,72.48,66.4,66.85,2081262.0
1207,2024-02-21,67.5,67.9,63.81,64.35,900597.0
1208,2024-02-22,64.45,66.7,63.91,66.47,977932.0
1209,2024-02-23,66.8,71.46,66.75,71.46,2318976.0
1210,2024-02-26,72.89,73.49,71.45,72.69,2054107.0
1211,2024-02-27,71.5,73.48,70.5,72.51,1302996.0
1212,2024-02-28,72.4,72.4,71.7,71.82,131806.0
1213,2024-02-29,72.3,73.49,71.08,71.63,234168.0
1214,2024-03-01,71.6,72.0,71.01,71.46,118109.0
1215,2024-03-04,72.0,72.75,71.6,72.13,145512.0
1216,2024-03-05,72.28,72.59,70.0,71.12,154450.0
1217,2024-03-06,71.4,72.19,70.7,71.89,308424.0
1218,2024-03-07,71.89,72.1,71.02,71.34,186928.0
1219,2024-03-08,71.94,71.96,70.62,70.91,100018.0
1220,2024-03-11,71.4,71.94,71.0,71.63,881696.0
1221,2024-03-12,71.63,71.93,71.0,71.08,83273.0
1222,2024-03-13,70.41,71.48,70.4,70.77,92685.0
1223,2024-03-14,71.9,71.9,70.6,70.97,123824.0
1224,2024-03-15,71.48,71.48,70.65,71.01,67592.0
1225,2024-03-18,71.02,71.09,69.6,69.71,820599.0
1226,2024-03-19,70.0,70.2,69.81,70.12,158620.0
1227,2024-03-20,70.5,70.9,70.0,70.29,98838.0
1228,2024-03-21,70.29,71.03,69.64,69.91,416028.0
1229,2024-03-22,69.9,70.98,69.9,70.01,69299.0
1230,2024-03-25,70.7,70.7,69.83,70.07,49755.0
1231,2024-03-26,70.04,71.2,70.0,70.94,85569.0
1232,2024-03-27,70.81,72.75,70.8,72.13,135625.0
1233,2024-03-28,72.25,73.0,72.02,72.81,186921.0
1234,2024-03-29,72.8,76.2,72.0,74.95,246820.0
1235,2024-04-01,75.0,75.0,72.05,72.98,267612.0
1236,2024-04-02,72.9,73.0,72.0,72.54,141448.0
1237,2024-04-03,71.9,72.99,71.9,72.45,86834.0
1238,2024-04-04,72.98,74.0,72.9,73.92,278489.0
1239,2024-04-08,74.9,74.9,72.0,74.09,372853.0
1240,2024-04-09,74.0,74.8,73.0,73.31,319690.0
1241,2024-04-15,72.4,73.5,71.41,71.53,472050.0
1242,2024-04-16,71.9,71.9,71.4,71.47,717517.0
1243,2024-04-17,71.5,72.5,71.0,71.5,1643813.0
1244,2024-04-18,72.0,72.0,70.61,70.9,818180.0
1245,2024-04-19,70.7,71.2,70.5,70.8,158051.0
1246,2024-04-22,70.99,71.48,70.61,71.17,366859.0
1247,2024-04-23,71.0,73.7,70.84,72.86,1066104.0
1248,2024-04-24,73.0,75.95,72.9,74.47,1517156.0
1249,2024-04-25,74.25,75.5,74.01,74.52,316476.0
1250,2024-04-26,74.45,75.3,73.7,74.75,526725.0
1251,2024-04-29,74.87,74.89,73.0,73.35,304468.0
1252,2024-04-30,73.02,73.9,70.51,71.23,1239729.0
1253,2024-05-02,72.0,74.25,71.21,73.94,1189377.0
1254,2024-05-03,74.1,77.1,73.52,76.34,564321.0
1255,2024-05-06,76.34,82.07,75.9,81.83,2976249.0
1256,2024-05-07,82.0,83.39,78.0,78.63,1273539.0
1257,2024-05-08,79.8,79.99,78.0,78.51,254236.0
1258,2024-05-09,79.49,81.0,78.01,80.23,237989.0
1259,2024-05-10,81.0,85.24,80.3,83.75,813268.0
1260,2024-05-13,84.0,84.59,80.7,83.59,599687.0
1261,2024-05-14,84.0,84.0,81.5,82.67,394494.0
1262,2024-05-15,83.5,83.9,82.22,82.76,245524.0
1263,2024-05-16,83.0,83.33,82.0,82.38,190373.0
1264,2024-05-17,82.35,84.0,81.7,83.87,619148.0
1265,2024-05-20,84.5,84.9,82.87,84.07,122290.0
1266,2024-05-21,83.51,84.45,83.5,84.01,134586.0
1267,2024-05-22,84.45,84.5,82.9,82.96,159101.0
1268,2024-05-23,82.18,83.4,82.18,83.03,93040.0
1269,2024-05-24,83.03,85.4,83.0,84.08,450937.0
1270,2024-05-27,83.6,84.5,83.0,83.13,144858.0
1271,2024-05-29,83.89,83.89,80.0,80.89,292726.0
1272,2024-05-30,81.38,82.0,80.02,81.05,163124.0
1273,2024-05-31,82.9,83.0,81.01,82.48,174888.0
